iterasi,waktu_sign_ms,waktu_verify_ms,hasil_verify
1,0.8294,0.3675,true
2,0.4198,0.1465,true
3,0.3674,0.1368,true
4,0.4671,0.2246,true
5,0.2068,0.1525,true
6,0.1634,0.1493,true
7,0.287,0.1888,true
8,0.1473,0.1903,true
9,0.1798,0.2027,true
10,0.1639,0.1842,true
11,0.1391,0.1376,true
12,0.1332,0.213,true
13,0.131,0.1379,true
14,0.1339,0.1331,true
15,0.1944,0.1293,true
16,0.1614,0.1418,true
17,0.1378,0.1295,true
18,0.1373,0.1964,true
19,0.1321,0.1554,true
20,0.1286,0.1403,true
21,0.1481,0.2714,true
22,0.3607,0.3384,true
23,0.189,0.5362,true
24,0.2449,0.3961,true
25,0.2283,0.6968,true
26,0.2209,0.3781,true
27,0.2766,0.2923,true
28,0.1849,0.2541,true
29,0.1566,0.3647,true
30,0.1297,0.2858,true

metrik,sign_ms,verify_ms
min,0.1286,0.1293
max,0.8294,0.6968
rata-rata,0.2267,0.2424
median,0.1719,0.1933

metrik,nilai,satuan
ukuran_signature,64,bytes
ukuran_signature_base64,88,chars
ukuran_public_key,113,bytes
ukuran_public_key_pem,113,chars
algoritma,Ed25519,
iterasi,30,kali
verify_sukses,100,%